seqName;substitutions;totalMutations;aminoacidChanges;totalAminoacidChanges;insertions;totalInsertions;deletions;totalGaps;missing;totalMissing;nonACGTNs;totalNonACGTNs;alignmentStart;alignmentEnd;alignmentScore;nucleotideComposition.A;nucleotideComposition.T;nucleotideComposition.G;nucleotideComposition.C;nucleotideComposition.-;clade;qc.seqName;qc.privateMutations.score;qc.privateMutations.total;qc.privateMutations.excess;qc.privateMutations.cutoff;qc.privateMutations.status;qc.missingData.score;qc.missingData.totalMissing;qc.missingData.missingDataThreshold;qc.missingData.status;qc.snpClusters.score;qc.snpClusters.totalSNPs;qc.snpClusters.status;qc.mixedSites.score;qc.mixedSites.totalMixedSites;qc.mixedSites.mixedSitesThreshold;qc.mixedSites.status;qc.overallScore;qc.overallStatus
197_ETA_20200330;C241T,C1059T,C3037T,C14408T,G18255T,G21986A,A23403G,G25563T;8;ORF1a:T265I,ORF1b:P314L,ORF1b:M1596I,S:G142S,S:D614G,ORF3a:Q57H;6;;0;;0;;0;;0;0;29881;89614;8933;9600;5861;5488;21;20C;197_ETA_20200330;0;2;0;8;good;0;0;3000;good;0;0;good;0;0;10;good;0;good
203_ETA_20200408;C241T,C1059T,C1403T,C3037T,C14408T,G18255T,G21986A,A23403G,G25563T;9;ORF1a:T265I,ORF1a:P380S,ORF1b:P314L,ORF1b:M1596I,S:G142S,S:D614G,ORF3a:Q57H;7;;0;;0;;0;;0;0;29881;89610;8933;9601;5861;5487;21;20C;203_ETA_20200408;12.5;3;1;8;good;0;0;3000;good;0;0;good;0;0;10;good;1.5625;good
209_ETA_20200408;C241T,C1059T,C3037T,T3312C,C14408T,A23403G,G25563T;7;ORF1a:T265I,ORF1a:L1016P,ORF1b:P314L,S:D614G,ORF3a:Q57H;5;;0;;0;;0;;0;0;29881;89618;8932;9598;5863;5489;21;20C;209_ETA_20200408;0;1;-1;8;good;0;0;3000;good;0;0;good;0;0;10;good;0;good
210_ETA_20200408;C241T,C1059T,C3037T,C14408T,G18255T,G20580T,G21986A,A23403G,G25563T,C28866T;10;ORF1a:T265I,ORF1b:P314L,ORF1b:M1596I,S:G142S,S:D614G,ORF3a:Q57H,N:T198I,ORF14:L45F;8;;0;;0;;0;;0;0;29881;89606;8933;9602;5860;5487;21;20C;210_ETA_20200408;25;4;2;8;good;0;0;3000;good;0;0;good;0;0;10;good;6.25;good
211_ETA_20200413;C241T,C1059T,C3037T,C4113T,C11916T,C14408T,G17443A,C18998T,A21792T,G21793T,A23403G,G24197T,G25563T,G29540A;14;ORF1a:T265I,ORF1a:A1283V,ORF1a:S3884L,ORF1b:P314L,ORF1b:A1326T,ORF1b:A1844V,S:K77M,S:K77N,S:D614G,S:A879S,ORF3a:Q57H;11;;0;;0;;0;;0;0;29881;89590;8933;9605;5859;5485;21;20C;211_ETA_20200413;37.5;5;3;8;mediocre;0;0;3000;good;0;0;good;0;0;10;good;14.0625;good
211_TCE_ETA_20200413;C241T,C1059T,C3037T,C4113T,C11916T,C14408T,C18998T,A23403G,G24197T,G25563T,G29540A;11;ORF1a:T265I,ORF1a:A1283V,ORF1a:S3884L,ORF1b:P314L,ORF1b:A1844V,S:D614G,S:A879S,ORF3a:Q57H;8;;0;;0;;0;;0;0;29881;89602;8933;9603;5861;5485;21;20C;211_TCE_ETA_20200413;0;2;0;8;good;0;0;3000;good;0;0;good;0;0;10;good;0;good
211_TCE_NP_20200408;C241T,C1059T,C3037T,C4113T,C11916T,C14408T,C18998T,A23403G,G24197T,G25563T,G29540A;11;ORF1a:T265I,ORF1a:A1283V,ORF1a:S3884L,ORF1b:P314L,ORF1b:A1844V,S:D614G,S:A879S,ORF3a:Q57H;8;;0;;0;;0;;0;0;29881;89602;8933;9603;5861;5485;21;20C;211_TCE_NP_20200408;0;2;0;8;good;0;0;3000;good;0;0;good;0;0;10;good;0;good
211_TCE_OP_20200413;C241T,C1059T,C3037T,C4113T,C6285T,C9615T,C11916T,C14408T,C18998T,A23403G,G24197T,G25563T,G29540A;13;ORF1a:T265I,ORF1a:A1283V,ORF1a:T2007I,ORF1a:T3117I,ORF1a:S3884L,ORF1b:P314L,ORF1b:A1844V,S:D614G,S:A879S,ORF3a:Q57H;10;;0;;0;;0;;0;0;29881;89594;8933;9605;5861;5483;21;20C;211_TCE_OP_20200413;25;4;2;8;good;0;0;3000;good;0;0;good;0;0;10;good;6.25;good
213_ETA_20200415;C241T,C1059T,C3037T,G7975A,C14408T,C16260T,A23403G,G25563T,C28821A;9;ORF1a:T265I,ORF1b:P314L,S:D614G,ORF3a:Q57H,N:S183Y,ORF14:L30I;6;;0;;0;;0;;0;0;29881;89610;8934;9600;5862;5486;21;20C;213_ETA_20200415;0;1;-1;8;good;0;0;3000;good;0;0;good;0;0;10;good;0;good
222_TCE_NP_20200417;C241T,C1059T,C3037T,C11916T,C14408T,C18998T,A23403G,G25563T,G29540A;9;ORF1a:T265I,ORF1a:S3884L,ORF1b:P314L,ORF1b:A1844V,S:D614G,ORF3a:Q57H;6;;0;;0;;0;;0;0;29881;89610;8933;9601;5862;5486;21;20C;222_TCE_NP_20200417;0;0;-2;8;good;0;0;3000;good;0;0;good;0;0;10;good;0;good
222_TCE_OP_20200417;C241T,C1059T,C3037T,C11916T,C14408T,C18998T,A23403G,G25563T,G29540A;9;ORF1a:T265I,ORF1a:S3884L,ORF1b:P314L,ORF1b:A1844V,S:D614G,ORF3a:Q57H;6;;0;;0;;0;;0;0;29881;89610;8933;9601;5862;5486;21;20C;222_TCE_OP_20200417;0;0;-2;8;good;0;0;3000;good;0;0;good;0;0;10;good;0;good
222_TCE_OP_20200420;C241T,C1059T,C3037T,C11916T,C14408T,C18998T,A21526G,A23403G,G25563T,G29540A;10;ORF1a:T265I,ORF1a:S3884L,ORF1b:P314L,ORF1b:A1844V,ORF1b:I2687V,S:D614G,ORF3a:Q57H;7;;0;;0;;0;;0;0;29881;89606;8932;9601;5863;5486;21;20C;222_TCE_OP_20200420;0;1;-1;8;good;0;0;3000;good;0;0;good;0;0;10;good;0;good
223_TCE_OP_20200417;C241T,C2416T,C3037T,T12112C,G13459A,C14408T,G21974C,A23403G,C25214T,G25563T,G26233T;11;ORF1b:P314L,S:D138H,S:D614G,ORF3a:Q57H;4;;0;;0;;0;;0;0;29881;89602;8933;9600;5860;5489;21;20A;223_TCE_OP_20200417;25;4;2;8;good;0;0;3000;good;0;0;good;0;0;10;good;6.25;good
227_OP_20200422;C241T,C1059T,C3037T,C14408T,C20371T,A23403G,G25563T,G28109T;8;ORF1a:T265I,ORF1b:P314L,S:D614G,ORF3a:Q57H,ORF8:Q72H;5;;0;;0;;0;;0;0;29881;89614;8932;9601;5862;5487;21;20C;227_OP_20200422;0;2;0;8;good;0;0;3000;good;0;0;good;0;0;10;good;0;good
228_NP_20200422;C241T,C1059T,C3037T,T7386C,C14408T,G18255T,G21986A,A23403G,A23994C,G25563T;10;ORF1a:T265I,ORF1a:M2374T,ORF1b:P314L,ORF1b:M1596I,S:G142S,S:D614G,S:K811T,ORF3a:Q57H;8;;0;;0;;0;;0;0;29881;89606;8932;9599;5861;5490;21;20C;228_NP_20200422;25;4;2;8;good;0;0;3000;good;0;0;good;0;0;10;good;6.25;good
228_NP_OP_20200529;C241T,C1059T,C3037T,T7386C,C14408T,G18255T,G21986A,A23403G,A23994C,G25563T;10;ORF1a:T265I,ORF1a:M2374T,ORF1b:P314L,ORF1b:M1596I,S:G142S,S:D614G,S:K811T,ORF3a:Q57H;8;;0;;0;;0;;0;0;29881;89606;8932;9599;5861;5490;21;20C;228_NP_OP_20200529;25;4;2;8;good;0;0;3000;good;0;0;good;0;0;10;good;6.25;good
228_OP_20200422;C241T,C1059T,C3037T,T7386C,C14408T,G18255T,G21986A,A23403G,A23994C,G25563T;10;ORF1a:T265I,ORF1a:M2374T,ORF1b:P314L,ORF1b:M1596I,S:G142S,S:D614G,S:K811T,ORF3a:Q57H;8;;0;;0;;0;;0;0;29881;89606;8932;9599;5861;5490;21;20C;228_OP_20200422;25;4;2;8;good;0;0;3000;good;0;0;good;0;0;10;good;6.25;good
228_Saliva_20200529;C241T,C1059T,C3037T,T7386C,C14408T,G18255T,G21986A,A23403G,A23994C,G25563T;10;ORF1a:T265I,ORF1a:M2374T,ORF1b:P314L,ORF1b:M1596I,S:G142S,S:D614G,S:K811T,ORF3a:Q57H;8;;0;;0;;0;;0;0;29881;89606;8932;9599;5861;5490;21;20C;228_Saliva_20200529;25;4;2;8;good;0;0;3000;good;0;0;good;0;0;10;good;6.25;good
235_NP_OP_20200424;C241T,C1059T,C3037T,C14408T,A23403G,C23987T,G25563T;7;ORF1a:T265I,ORF1b:P314L,S:D614G,S:P809S,ORF3a:Q57H;5;;0;;0;;0;;0;0;29881;89618;8932;9600;5863;5487;21;20C;235_NP_OP_20200424;0;1;-1;8;good;0;0;3000;good;0;0;good;0;0;10;good;0;good
237_NP_20200429;C241T,C1059T,C3037T,C8247T,C14408T,T15326C,C16260T,A16438G,C21658T,A23403G,G25563T,C28821A;12;ORF1a:T265I,ORF1a:S2661F,ORF1b:P314L,ORF1b:M620T,ORF1b:M991V,S:D614G,ORF3a:Q57H,N:S183Y,ORF14:L30I;9;;0;;0;;0;;0;0;29881;89598;8932;9601;5864;5485;21;20C;237_NP_20200429;25;4;2;8;good;0;0;3000;good;0;0;good;0;0;10;good;6.25;good
237_NP_OP_20200427;C241T,C1059T,C3037T,C14408T,T15326C,C16260T,A23403G,G25563T,C28821A;9;ORF1a:T265I,ORF1b:P314L,ORF1b:M620T,S:D614G,ORF3a:Q57H,N:S183Y,ORF14:L30I;7;;0;;0;;0;;0;0;29881;89610;8933;9599;5863;5487;21;20C;237_NP_OP_20200427;0;1;-1;8;good;0;0;3000;good;0;0;good;0;0;10;good;0;good
237_OP_20200429;C241T,C1059T,C3037T,C14408T,A23403G,G25563T;6;ORF1a:T265I,ORF1b:P314L,S:D614G,ORF3a:Q57H;4;;0;;0;;0;;0;0;29881;89622;8932;9599;5863;5488;21;20C;237_OP_20200429;0;0;-2;8;good;0;0;3000;good;0;0;good;0;0;10;good;0;good
238_NP_20200429;C241T,C1059T,C3037T,C14408T,T15326C,C16260T,A23403G,G25563T,C28821A;9;ORF1a:T265I,ORF1b:P314L,ORF1b:M620T,S:D614G,ORF3a:Q57H,N:S183Y,ORF14:L30I;7;;0;;0;;0;;0;0;29881;89610;8933;9599;5863;5487;21;20C;238_NP_20200429;0;1;-1;8;good;0;0;3000;good;0;0;good;0;0;10;good;0;good
239_NP_20200429;C241T,C1059T,C3037T,C14408T,C16260T,A23403G,G25563T,C28821A;8;ORF1a:T265I,ORF1b:P314L,S:D614G,ORF3a:Q57H,N:S183Y,ORF14:L30I;6;;0;;0;;0;;0;0;29881;89614;8933;9600;5863;5486;21;20C;239_NP_20200429;0;0;-2;8;good;0;0;3000;good;0;0;good;0;0;10;good;0;good
239_OP_20200429;C241T,C1059T,C3037T,C14408T,C16260T,A23403G,G25563T,C28821A;8;ORF1a:T265I,ORF1b:P314L,S:D614G,ORF3a:Q57H,N:S183Y,ORF14:L30I;6;;0;;0;;0;;0;0;29881;89614;8933;9600;5863;5486;21;20C;239_OP_20200429;0;0;-2;8;good;0;0;3000;good;0;0;good;0;0;10;good;0;good
240_NP_OP_20200501;C241T,C1059T,C3037T,C14408T,A23403G,G25563T;6;ORF1a:T265I,ORF1b:P314L,S:D614G,ORF3a:Q57H;4;;0;;0;;0;;0;0;29881;89622;8932;9599;5863;5488;21;20C;240_NP_OP_20200501;0;0;-2;8;good;0;0;3000;good;0;0;good;0;0;10;good;0;good
242_ETA_20200504;C241T,C3037T,C14408T,A23403G;4;ORF1b:P314L,S:D614G;2;;0;;0;;0;;0;0;29881;89630;8932;9597;5864;5489;21;20A;242_ETA_20200504;0;0;-2;8;good;0;0;3000;good;0;0;good;0;0;10;good;0;good
242_NP_20200429;C241T,C3037T,C14408T,A23403G;4;ORF1b:P314L,S:D614G;2;;0;;0;;0;;0;0;29881;89630;8932;9597;5864;5489;21;20A;242_NP_20200429;0;0;-2;8;good;0;0;3000;good;0;0;good;0;0;10;good;0;good
242_NP_OP_20200501;C241T,C3037T,C14408T,A23403G;4;ORF1b:P314L,S:D614G;2;;0;;0;;0;;0;0;29881;89630;8932;9597;5864;5489;21;20A;242_NP_OP_20200501;0;0;-2;8;good;0;0;3000;good;0;0;good;0;0;10;good;0;good
242_OP_20200429;C241T,C3037T,C14408T,A23403G;4;ORF1b:P314L,S:D614G;2;;0;;0;;0;;0;0;29881;89630;8932;9597;5864;5489;21;20A;242_OP_20200429;0;0;-2;8;good;0;0;3000;good;0;0;good;0;0;10;good;0;good
247_NP_OP_20200501;C241T,C1059T,C3037T,C14408T,G18958T,A23403G,G25563T,C26461T,G26690T;9;ORF1a:T265I,ORF1b:P314L,ORF1b:A1831S,S:D614G,ORF3a:Q57H,E:L73F;6;;0;;0;;0;;0;0;29881;89610;8932;9602;5861;5487;21;20C;247_NP_OP_20200501;12.5;3;1;8;good;0;0;3000;good;0;0;good;0;0;10;good;1.5625;good
251_ETA_20200506;C241T,T1918C,C3037T,C14408T,C18877T,C23230T,A23403G,G25563T,C26333T;9;ORF1b:P314L,S:D614G,ORF3a:Q57H,E:T30I;4;;0;;0;;0;;0;0;29881;89610;8932;9600;5863;5487;21;20A;251_ETA_20200506;12.5;3;1;8;good;0;0;3000;good;0;0;good;0;0;10;good;1.5625;good
251_NP_OP_20200504;C241T,T1918C,C3037T,C14408T,C18877T,C23230T,A23403G,G25563T;8;ORF1b:P314L,S:D614G,ORF3a:Q57H;3;;0;;0;;0;;0;0;29881;89614;8932;9599;5863;5488;21;20A;251_NP_OP_20200504;0;2;0;8;good;0;0;3000;good;0;0;good;0;0;10;good;0;good
251_NP_OP_20200506;C241T,T1918C,C3037T,C14408T,C18877T,A21625G,C23230T,A23403G,G25563T;9;ORF1b:P314L,S:D614G,ORF3a:Q57H;3;;0;;0;;0;;0;0;29881;89610;8931;9599;5864;5488;21;20A;251_NP_OP_20200506;12.5;3;1;8;good;0;0;3000;good;0;0;good;0;0;10;good;1.5625;good
256_ETA_20200508;C241T,C1059T,C3037T,C14408T,C20371T,A23403G,G25563T,G28109T;8;ORF1a:T265I,ORF1b:P314L,S:D614G,ORF3a:Q57H,ORF8:Q72H;5;;0;;0;;0;;0;0;29881;89614;8932;9601;5862;5487;21;20C;256_ETA_20200508;0;2;0;8;good;0;0;3000;good;0;0;good;0;0;10;good;0;good
256_ETA_20200511;C241T,C1059T,C3037T,C14408T,C20371T,A23403G,G25563T,G28109T;8;ORF1a:T265I,ORF1b:P314L,S:D614G,ORF3a:Q57H,ORF8:Q72H;5;;0;;0;;0;;0;0;29881;89614;8932;9601;5862;5487;21;20C;256_ETA_20200511;0;2;0;8;good;0;0;3000;good;0;0;good;0;0;10;good;0;good
256_NP_OP_20200508;C241T,C1059T,C3037T,C14408T,C20371T,A23403G,G25563T,G28109T;8;ORF1a:T265I,ORF1b:P314L,S:D614G,ORF3a:Q57H,ORF8:Q72H;5;;0;;0;;0;;0;0;29881;89614;8932;9601;5862;5487;21;20C;256_NP_OP_20200508;0;2;0;8;good;0;0;3000;good;0;0;good;0;0;10;good;0;good
257_NP_OP_20200508;C241T,C1059T,C3037T,G11083T,C14408T,A23403G,G25563T;7;ORF1a:T265I,ORF1a:L3606F,ORF1b:P314L,S:D614G,ORF3a:Q57H;5;;0;;0;;0;;0;0;29881;89618;8932;9600;5862;5488;21;20C;257_NP_OP_20200508;0;0;-2;8;good;0;0;3000;good;0;0;good;0;0;10;good;0;good
261_ETA_20200515;C241T,C1059T,C2788T,C3037T,C14408T,C16260T,A23403G,G25563T,C28821A;9;ORF1a:T265I,ORF1b:P314L,S:D614G,ORF3a:Q57H,N:S183Y,ORF14:L30I;6;;0;;0;;0;;0;0;29881;89610;8933;9601;5863;5485;21;20C;261_ETA_20200515;0;1;-1;8;good;0;0;3000;good;0;0;good;0;0;10;good;0;good
262_NP_OP_20200515;C241T,C1059T,C3037T,C14408T,C16260T,A23403G,G25563T,C28821A,T29344C;9;ORF1a:T265I,ORF1b:P314L,S:D614G,ORF3a:Q57H,N:S183Y,ORF14:L30I;6;;0;;0;;0;;0;0;29881;89610;8933;9599;5863;5487;21;20C;262_NP_OP_20200515;0;1;-1;8;good;0;0;3000;good;0;0;good;0;0;10;good;0;good
263_ETA_20200515;C157T,C241T,C1059T,C2485T,C3037T,C4002T,C12513T,C14408T,C15857T,G18255T,G21986A,G22317A,A23403G,G25563T,C29614T;15;ORF1a:T265I,ORF1a:T1246I,ORF1a:T4083M,ORF1b:P314L,ORF1b:T797I,ORF1b:M1596I,S:G142S,S:G252D,S:D614G,ORF3a:Q57H;10;;0;;0;;0;;0;0;29881;89586;8934;9606;5860;5482;21;20C;263_ETA_20200515;87.5;9;7;8;mediocre;0;0;3000;good;0;0;good;0;0;10;good;76.5625;mediocre
263_NP_OP_20200515;C157T,C241T,C1059T,C2485T,C3037T,C4002T,C12513T,C14408T,C15857T,G18255T,C19524T,G21986A,G22317A,A23403G,G25563T,C29614T,C29836T;17;ORF1a:T265I,ORF1a:T1246I,ORF1a:T4083M,ORF1b:P314L,ORF1b:T797I,ORF1b:M1596I,S:G142S,S:G252D,S:D614G,ORF3a:Q57H;10;;0;;0;;0;;0;0;29881;89578;8934;9608;5860;5480;21;20C;263_NP_OP_20200515;112.5;11;9;8;bad;0;0;3000;good;0;0;good;0;0;10;good;126.5625;bad
266_NP_OP_20200520;C241T,C1500A,C3037T,A3090G,G11083T,C13501T,C14408T,C18512T,C18877T,A23403G,G25563T;11;ORF1a:S412Y,ORF1a:E942G,ORF1a:L3606F,ORF1b:P12S,ORF1b:P314L,ORF1b:P1682L,S:D614G,ORF3a:Q57H;8;;0;;0;;0;;0;0;29881;89602;8932;9602;5863;5485;21;20A;266_NP_OP_20200520;37.5;5;3;8;mediocre;0;0;3000;good;0;0;good;0;0;10;good;14.0625;good
266_NP_OP_20200522;C241T,C1500A,C3037T,A3090G,A5570G,G11083T,C13501T,C14408T,C18877T,A23403G,G25563T;11;ORF1a:S412Y,ORF1a:E942G,ORF1a:M1769V,ORF1a:L3606F,ORF1b:P12S,ORF1b:P314L,S:D614G,ORF3a:Q57H;8;;0;;0;;0;;0;0;29881;89602;8931;9601;5864;5486;21;20A;266_NP_OP_20200522;37.5;5;3;8;mediocre;0;0;3000;good;0;0;good;0;0;10;good;14.0625;good
266_TCE_NP_OP_20200520;C241T,C1500A,C3037T,A3090G,G11083T,C13501T,C14408T,C18512T,C18877T,A23403G,G25563T;11;ORF1a:S412Y,ORF1a:E942G,ORF1a:L3606F,ORF1b:P12S,ORF1b:P314L,ORF1b:P1682L,S:D614G,ORF3a:Q57H;8;;0;;0;;0;;0;0;29881;89602;8932;9602;5863;5485;21;20A;266_TCE_NP_OP_20200520;37.5;5;3;8;mediocre;0;0;3000;good;0;0;good;0;0;10;good;14.0625;good
266_TCE_NP_OP_20200522;C241T,C1500A,C3037T,A3090G,A5570G,G11083T,C13501T,C14408T,C18877T,A23403G,G25563T;11;ORF1a:S412Y,ORF1a:E942G,ORF1a:M1769V,ORF1a:L3606F,ORF1b:P12S,ORF1b:P314L,S:D614G,ORF3a:Q57H;8;;0;;0;;0;;0;0;29881;89602;8931;9601;5864;5486;21;20A;266_TCE_NP_OP_20200522;37.5;5;3;8;mediocre;0;0;3000;good;0;0;good;0;0;10;good;14.0625;good
269_ETA_20200527;C241T,C1059T,C3037T,C14408T,C16260T,A23403G,G25563T,C28821A,C29247T,T29344C;10;ORF1a:T265I,ORF1b:P314L,S:D614G,ORF3a:Q57H,N:S183Y,ORF14:L30I,N:T325I;7;;0;;0;;0;;0;0;29881;89606;8933;9600;5863;5486;21;20C;269_ETA_20200527;0;2;0;8;good;0;0;3000;good;0;0;good;0;0;10;good;0;good
269_ETA_20200612;C241T,C1059T,C3037T,C14408T,C16260T,A23403G,G25563T,C28821A,C29247T,T29344C;10;ORF1a:T265I,ORF1b:P314L,S:D614G,ORF3a:Q57H,N:S183Y,ORF14:L30I,N:T325I;7;;0;;0;;0;;0;0;29881;89606;8933;9600;5863;5486;21;20C;269_ETA_20200612;0;2;0;8;good;0;0;3000;good;0;0;good;0;0;10;good;0;good
269_NP_OP_20200522;C241T,C1059T,C3037T,C14408T,C16260T,A23403G,G25563T,C28821A,C29247T,T29344C;10;ORF1a:T265I,ORF1b:P314L,S:D614G,ORF3a:Q57H,N:S183Y,ORF14:L30I,N:T325I;7;;0;;0;;0;;0;0;29881;89606;8933;9600;5863;5486;21;20C;269_NP_OP_20200522;0;2;0;8;good;0;0;3000;good;0;0;good;0;0;10;good;0;good
272_ETA_20200529;C241T,T1918C,C3037T,C6388T,C14408T,C18877T,C23230T,A23403G,G25563T,C28609T;10;ORF1b:P314L,S:D614G,ORF3a:Q57H;3;;0;;0;;0;;0;0;29881;89606;8932;9601;5863;5486;21;20A;272_ETA_20200529;25;4;2;8;good;0;0;3000;good;0;0;good;0;0;10;good;6.25;good
272_NP_OP_20200527;C241T,T1918C,C3037T,C6388T,C14408T,C18877T,C23230T,A23403G,G25563T,C28609T;10;ORF1b:P314L,S:D614G,ORF3a:Q57H;3;;0;;0;;0;;0;0;29881;89606;8932;9601;5863;5486;21;20A;272_NP_OP_20200527;25;4;2;8;good;0;0;3000;good;0;0;good;0;0;10;good;6.25;good
272_NP_OP_20200529;C241T,T1918C,C3037T,C6388T,C14408T,C18877T,C23230T,A23403G,G25563T,C28609T;10;ORF1b:P314L,S:D614G,ORF3a:Q57H;3;;0;;0;;0;;0;0;29881;89606;8932;9601;5863;5486;21;20A;272_NP_OP_20200529;25;4;2;8;good;0;0;3000;good;0;0;good;0;0;10;good;6.25;good
290_NP_OP_20200629;C241T,G625T,C1059T,A2219G,C2262T,C3037T,C11916T,G13975T,C14408T,C17010T,A18650T,A23403G,G25563T,G28068T;14;ORF1a:K120N,ORF1a:T265I,ORF1a:I652V,ORF1a:T666I,ORF1a:S3884L,ORF1b:G170C,ORF1b:P314L,ORF1b:E1728V,S:D614G,ORF3a:Q57H,ORF8:E59*;11;;0;;0;;0;;0;0;29881;89590;8930;9606;5861;5485;21;20C;290_NP_OP_20200629;62.5;7;5;8;mediocre;0;0;3000;good;0;0;good;0;0;10;good;39.0625;mediocre
290_NP_OP_20200701;C241T,C1059T,A2219G,C3037T,C11916T,G13975T,C14408T,C17010T,A18650T,A23403G,G25563T,G28068T;12;ORF1a:T265I,ORF1a:I652V,ORF1a:S3884L,ORF1b:G170C,ORF1b:P314L,ORF1b:E1728V,S:D614G,ORF3a:Q57H,ORF8:E59*;9;;0;;0;;0;;0;0;29881;89598;8930;9604;5862;5486;21;20C;290_NP_OP_20200701;37.5;5;3;8;mediocre;0;0;3000;good;0;0;good;0;0;10;good;14.0625;good
307_NP_OP_20200717;C241T,C3037T,C14408T,C18486T,A20268G,T22162C,A23403G,G25218T,C28854T;9;ORF1b:P314L,S:D614G,S:G1219V,N:S194L,ORF14:Q41*;5;;0;;0;;0;;0;0;29881;89610;8931;9599;5864;5488;21;20A;307_NP_OP_20200717;12.5;3;1;8;good;0;0;3000;good;0;0;good;0;0;10;good;1.5625;good
CCLB_Vero_cells_20200328;C8782T,C18060T,T28144C;3;ORF8:L84S;1;;0;;0;;0;;0;0;29881;89634;8933;9595;5863;5491;21;19B;CCLB_Vero_cells_20200328;0;0;-2;8;good;0;0;3000;good;0;0;good;0;0;10;good;0;good
E6_Vero_cells_20200328;C8782T,C18060T,T28144C;3;ORF8:L84S;1;;0;;0;;0;;0;0;29881;89634;8933;9595;5863;5491;21;19B;E6_Vero_cells_20200328;0;0;-2;8;good;0;0;3000;good;0;0;good;0;0;10;good;0;good